timestamp,power_w,util_gpu_pct,label
0,121.52358539877216,30.75340099977415,normal
1,114.80007946879752,31.34144031327358,normal
2,123.75225597903228,36.61846755100441,normal
3,124.70282358195607,35.32218804643988,normal
4,110.24482405673082,29.546830297849173,normal
5,113.4891024656884,30.402820462166016,normal
6,120.63920201583643,32.331332239858,normal
7,118.41878703828209,31.19541026781805,normal
8,119.91599421247855,41.106611263964915,normal
9,115.7347803621321,33.959613317022985,normal
10,124.39698987431414,38.20227427016112,normal
11,123.88895967714474,33.92961321768458,normal
12,120.33015348780609,33.82217382210074,normal
13,125.63620603484017,33.75539692298612,normal
14,122.33754671126023,26.99845976988818,normal
15,115.70353768558381,28.924125793908917,normal
16,121.8437539204125,29.380645080176674,normal
17,115.205586995855,26.16653066496089,normal
18,124.39225150653637,31.954566364687516,normal
19,119.75037044506874,38.18925859387882,normal
20,119.0756881822737,33.888316691822276,normal
21,116.5953522779803,37.18464908067218,normal
22,126.11270669337016,37.2651496430941,normal
23,119.227352589656,36.41263435990433,normal
24,117.85836088918447,30.97112641099612,normal
25,118.23933224755885,35.354519219023395,normal
26,122.66154592776674,37.232298681584965,normal
27,121.82722032182039,33.07783535810475,normal
28,122.06366305797994,36.55395341412848,normal
29,122.15410501503942,36.59973613716433,normal
30,130.7082380043523,35.696552994996125,normal
31,117.96792491807692,30.336816108351847,normal
32,117.43878635464232,30.001553962774416,normal
33,115.93113635876061,33.38269844255313,normal
34,123.07989711287748,36.146714495761515,normal
35,125.64486146360446,33.520954355370385,normal
36,119.43026271172562,34.20268822732847,normal
37,115.79921761518736,34.79710185561184,normal
38,115.8775939215438,34.96245612157985,normal
39,123.2529639391235,39.87077291440275,normal
40,123.71627085601722,39.1784484554562,normal
41,122.71577134152598,32.05777465645208,normal
42,116.67245146355653,38.38574476105879,normal
43,121.1608066153336,33.0244438049996,normal
44,120.58342904570364,37.58702673613575,normal
45,121.09344298364506,34.802086444908994,normal
46,124.35714388974095,34.29416440455509,normal
47,121.11797774387341,29.182045918924743,normal
48,123.39456781535948,34.74089727373938,normal
49,120.33789534744446,29.704106107638733,normal
50,121.44559699344993,37.60063970565686,normal
51,123.1564411291927,39.737932579758514,normal
52,112.71422090072167,29.81333014660184,normal
53,118.4016439182135,34.73495334704738,normal
54,117.64813672853602,31.437578784986364,normal
55,116.80561075878329,31.487577454956284,normal
56,118.62428874386659,36.21613803841514,normal
57,127.47470655617198,36.30572994480461,normal
58,115.67084442153379,38.26775681765983,normal
59,124.84139177295741,34.22227164187907,normal
60,111.58565114192098,34.87962360940089,normal
61,118.32557485007112,34.099547338893665,normal
62,120.81376532552503,36.90555269366842,normal
63,122.93111165679639,33.781701787094846,normal
64,123.55613289896428,35.15307574419219,normal
65,123.96673617599963,35.07257084096023,normal
66,118.25637463875782,31.279364266536305,normal
67,117.68824103667717,35.61145632851016,normal
68,124.28987940628576,37.46214113281674,normal
69,119.04347837559193,35.79308647774296,normal
70,113.62156838331039,37.07420221412733,normal
71,114.3335639299826,37.01476695513251,normal
72,115.40273856999194,31.847376950450286,normal
73,122.48580372026882,36.11510087537934,normal
74,120.71212868035282,32.61837755518331,normal
75,123.45242677033885,35.34218788272619,normal
76,117.86373676831732,31.87610501501978,normal
77,120.79269845538357,39.37241048608917,normal
78,123.12795196983669,36.27050929955365,normal
79,118.45326730139881,33.189703273229256,normal
80,122.28387618778706,38.51910605493686,normal
81,116.69037029466675,26.82825956908998,normal
82,118.18473076717464,27.7247581488826,normal
83,118.09131053000836,36.12789040280457,normal
84,114.0208017720548,32.75877727922491,normal
85,122.43486240392791,35.7327281590474,normal
86,117.65298829898639,29.635951204040467,normal
87,120.06247059363844,34.23386189420275,normal
88,122.40373329452954,40.98302345821247,normal
89,122.23265588014972,37.396214825144654,normal
90,123.32692554486393,35.74538407681813,normal
91,119.50757257745288,32.82785900610029,normal
92,117.88350843977923,32.49728385575732,normal
93,119.60140894546801,27.784237459676525,normal
94,111.56332783020986,32.64815778568058,normal
95,112.76443763788457,34.754860079126864,normal
96,113.386501938228,27.66928542941044,normal
97,115.0137658619926,30.87682528364887,normal
98,121.99887113361719,31.384426427190355,normal
99,115.4726047231997,30.096119193630763,normal
100,118.10918722980306,33.90592694612372,normal
101,126.49614148893033,29.888548246157526,normal
102,118.21868014469287,35.61957707069773,normal
103,123.68757784233543,37.60087316475403,normal
104,115.33191159995062,32.1986669787323,normal
105,118.97281221066186,26.550106530235478,normal
106,115.24988972544709,29.939284043549147,normal
107,118.30483462049719,37.50008712245015,normal
108,124.20154068728698,27.152171639896274,normal
109,111.36339788403825,30.775543444573227,normal
110,122.17211821772929,31.366317155378024,normal
111,121.1886780116614,37.039047479514906,normal
112,117.02925022151602,31.411586778288477,normal
113,112.76971072805773,33.43177941308047,normal
114,120.36064753856935,36.08513769709852,normal
115,117.35253645468099,39.03797364909891,normal
116,121.16338105677352,34.00928304233775,normal
117,120.10926072761721,35.445064745329894,normal
118,128.00889445660457,32.11880340736185,normal
119,118.80322186263489,37.51501836491977,normal
120,114.88251253689067,30.542048466326094,normal
121,120.89637817478157,32.859559843388645,normal
122,121.09998341985883,34.533251878269176,normal
123,126.79593787620219,31.538757785752505,normal
124,124.17555622957289,36.16504043809335,normal
125,121.78435529574755,37.69792890327433,normal
126,127.3165144560978,37.25494845794839,normal
127,114.05618472838574,27.820788658431184,normal
128,116.80124233625126,33.00035564165424,normal
129,115.36712029297237,35.18812107835915,normal
130,118.05095098422116,28.094876840451178,normal
131,113.11656926221846,29.094721747752136,normal
132,123.17575473407202,37.822703593407994,normal
133,118.88888651450614,34.77853959245076,normal
134,112.64596852748672,33.42047718280504,normal
135,114.92210459396229,38.4133714497163,normal
136,121.56756923725098,36.13924954616174,normal
137,124.1906328394719,37.456701985434364,normal
138,129.98365445845894,45.270423569786104,normal
139,134.56931233003664,37.806961277167574,normal
140,122.07204716637999,32.484079470967366,normal
141,115.05230939984068,34.155477594695874,normal
142,109.33976859634345,32.556906972836245,normal
143,121.33855731171919,33.08801305608114,normal
144,115.93529452344836,30.027178805177847,normal
145,117.92321369910158,40.62188003744211,normal
146,116.93951600470096,34.39182069822149,normal
147,119.29604556791807,31.887728303770363,normal
148,125.32990115393822,38.55633409367829,normal
149,120.78524283722672,34.18263392738078,normal
150,119.20682581480656,33.30044875099124,normal
151,114.82173123587094,34.493027540278035,normal
152,111.62658527647821,28.017663274298705,normal
153,117.56846045463334,34.64887031307533,normal
154,119.7310872459084,39.9477464934548,normal
155,128.83964956789941,38.209861434563194,normal
156,120.65137260736444,33.34318443361088,normal
157,124.91369755511529,34.16831203160536,normal
158,117.50352200730424,32.34141493919445,normal
159,114.07528116791488,31.831049442403764,normal
160,115.17441618883814,31.77355645567894,normal
161,116.37386967732124,35.99861137388691,normal
162,130.64234866217583,32.12675802242329,normal
163,115.89306660387807,35.69830489520157,normal
164,124.19244601868172,34.34449642990995,normal
165,115.48536410956487,34.126661674104646,normal
166,124.65786506437122,32.23556914493204,normal
167,121.92475483052931,38.8215374378424,normal
168,119.21681051170955,37.79885074100406,normal
169,119.79618736932284,37.10625368277103,normal
170,116.72606152285304,28.806038964863113,normal
171,122.23036100741041,37.4103235010297,normal
172,117.7250825982961,34.850303148134586,normal
173,113.87197118116376,27.719035167506227,normal
174,113.6103121284019,32.38719702823096,normal
175,120.8629395886106,35.62587192098853,normal
176,127.89545628205218,38.20978475919865,normal
177,120.7999580678672,35.046057834522905,normal
178,119.40680836945059,34.9899252132423,normal
179,121.42913069801271,39.114871519048634,normal
180,126.53000870853413,39.82953278931322,normal
181,121.09691250681928,25.997952997742992,normal
182,117.94536384583131,32.74635972001019,normal
183,125.53144355029944,35.37217364602513,normal
184,122.14378219230807,29.641927765335673,normal
185,127.67877995997996,36.76220059183407,normal
186,120.91617218610953,38.29375108469139,normal
187,113.8776548413975,29.276769233056086,normal
188,113.15920400377168,33.34040396000438,normal
189,128.25463966115626,33.89671232844105,normal
190,128.6183286039165,34.73235781579425,normal
191,119.102403933587,38.461439169249246,normal
192,118.08406339432005,32.110630366613115,normal
193,127.30722146121101,37.760129313092165,normal
194,114.46477158978256,27.090566106040626,normal
195,115.52636490522087,38.594485514247744,normal
196,123.21663397344523,37.01270990276099,normal
197,118.02697438570205,33.17449315367837,normal
198,119.97439066639964,36.00503686325673,normal
199,119.18278550737743,29.822766143835835,normal
200,121.68787274399467,38.31555586639931,normal
201,127.03740930656858,35.3244483325303,normal
202,120.45292453450872,33.80291275042861,normal
203,123.21969396638428,33.73066000264192,normal
204,109.74913949484488,29.614942790290353,normal
205,119.75640799034942,36.300128403556485,normal
206,115.78384864853564,33.84882016417999,normal
207,113.90593469788186,34.49979719503251,normal
208,115.60923816535625,33.004826835930785,normal
209,118.32938279649593,35.34799451794467,normal
210,124.57951271178007,34.3376002573049,normal
211,113.36803641130219,39.080063070314985,normal
212,120.15315746297209,29.62568231155767,normal
213,117.5791528333321,37.37685563735527,normal
214,118.3616345281902,37.92133221736011,normal
215,125.01378912652302,33.161749046824085,normal
216,122.69057718501963,41.74227145595925,normal
217,126.68699053721372,39.18275385946845,normal
218,119.2274716037505,36.97840890725459,normal
219,116.52028694164649,33.375577115833764,normal
220,118.8807059155975,33.31423750122897,normal
221,121.21248395635611,34.00391179212578,normal
222,120.88286679226856,35.70955372960671,normal
223,114.57805963883317,36.940147293339734,normal
224,120.45244890813937,34.958928055909794,normal
225,121.14114165069452,31.877423887929424,normal
226,132.5873701876696,40.35538695506054,normal
227,129.38422305640836,39.73037311244391,normal
228,115.7337832472059,35.03077379883076,normal
229,118.56308319225413,36.111663345933266,normal
230,112.68278999081498,31.382298464045142,normal
231,117.04646493018257,30.654879621517562,normal
232,121.5780250179517,32.13199828463529,normal
233,126.02926810444117,31.101972570181047,normal
234,116.35458081128196,33.955011780718415,normal
235,116.72926779966102,33.100873021651935,normal
236,109.26355485130672,29.89819541535565,normal
237,119.18667039727546,25.186477926186353,normal
238,114.68792794070218,29.026027002546684,normal
239,117.35280286316963,36.89189420082939,normal
240,115.61569610916206,31.039178030999768,normal
241,119.52868722873721,35.232828526895446,normal
242,111.21135804321685,27.602617436707618,normal
243,112.66477377304504,36.50605181080485,normal
244,130.6462355601415,36.895412894162114,normal
245,113.56288709362984,33.316660359059135,normal
246,114.5160721077268,39.69621712070986,normal
247,129.18456764160658,41.45919677079866,normal
248,134.52533584620204,37.516113377910834,normal
249,114.14216685587328,30.832387118495575,normal
250,118.15875521605984,32.783009312887074,normal
251,121.70777775470255,36.30334553248748,normal
252,128.64348822202797,36.439609946398235,normal
253,115.06571460785881,31.690186024377816,normal
254,118.77361077028945,38.33686111506697,normal
255,123.88668788030873,35.05356686189755,normal
256,122.1738303723331,41.805575956921416,normal
257,118.1192196438495,34.0205761609278,normal
258,119.33088517741979,39.45049380479412,normal
259,113.12552095815009,33.39353568474619,normal
260,118.80913128012668,36.83434779978453,normal
261,118.66806254995522,31.731327574005462,normal
262,121.16084944813127,32.056107888846704,normal
263,117.22336390590492,34.87150755244637,normal
264,122.3576926127257,37.925000473889,normal
265,125.06357908909914,35.85322067431542,normal
266,120.77714663834233,30.648576177132433,normal
267,121.75878204199601,30.70744834170231,normal
268,120.26577673788934,30.080241289981085,normal
269,120.00042196545706,28.982968508455308,normal
270,116.39220983228576,33.58337317328005,normal
271,121.58247130836654,38.11298071037166,normal
272,119.51356700793255,34.10648607006344,normal
273,130.46584154465296,30.494710455030145,normal
274,127.86677451237621,35.961082765389556,normal
275,121.9292327627825,34.34852665661146,normal
276,116.18471395152616,39.48362880825522,normal
277,114.43794264008291,28.32514130126502,normal
278,125.95571476544433,34.81531426804365,normal
279,121.31374612573569,39.77862836327246,normal
280,122.40071701695805,36.32156845745623,normal
281,111.27707006512904,33.483387810586144,normal
282,124.6371924077909,35.95437971329761,normal
283,122.27210169107181,35.92471681342088,normal
284,114.4478465779276,35.03221332738636,normal
285,117.64237596275025,31.183648461250343,normal
286,121.3185860217826,37.29662888580534,normal
287,120.26233399178122,30.24165780413802,normal
288,118.53914407098223,34.85343079591811,normal
289,119.48255865967019,34.674096792621896,normal
290,118.74011310896557,32.07686733798527,normal
291,120.76281256051234,34.43560490559801,normal
292,127.35745986496579,34.52022521770785,normal
293,107.16670779534351,27.403955389512912,normal
294,118.81574867745158,32.88651254014523,normal
295,120.88256210686224,31.22590898155994,normal
296,121.4799699484355,35.676955234689885,normal
297,118.14042709339355,30.304151258512498,normal
298,111.2163910876071,33.91204280828947,normal
299,121.63997741857055,31.209842058662268,normal
300,128.63675107082094,35.05447270206296,normal
301,112.33069297541931,30.220673482617123,normal
302,124.31914006849094,39.49519449190764,normal
303,118.35737388438552,34.80726237524564,normal
304,119.69337827085576,33.56290666975418,normal
305,114.73550744648026,34.27773187934639,normal
306,118.32771913822062,27.486342711788254,normal
307,126.50022297349479,36.01352008064722,normal
308,122.91327620993853,41.11062145053958,normal
309,128.66155802704972,37.15748466979365,normal
310,125.88705944488846,36.17147077747614,normal
311,122.19543339464788,36.55736610882598,normal
312,128.71967263083897,39.46386505303988,normal
313,122.1949657936915,28.920447290956563,normal
314,124.13994088398529,30.421575092908427,normal
315,118.51714523232646,34.492915368208855,normal
316,120.33272907929603,32.2361500512492,normal
317,116.51288088349861,37.2254703248022,normal
318,124.94791967297427,34.753882451194116,normal
319,114.10848188442567,26.798831188410837,normal
320,123.9117517120883,31.599315881493236,normal
321,119.04674471247421,25.76432757324376,normal
322,125.8562354673366,35.2565478073903,normal
323,123.75434494365629,34.793231887822934,normal
324,129.10323078823401,35.613249238721174,normal
325,123.65387345569323,38.566315247287285,normal
326,112.1397987217338,35.63550200147402,normal
327,119.665234135509,33.67890162579138,normal
328,114.13996403702592,26.20733729386255,normal
329,117.40860078816863,35.397159252382096,normal
330,127.55614216638361,38.1106927330639,normal
331,123.18766905448848,36.12465158318183,normal
332,116.50534785710627,36.23168149281186,normal
333,114.93141316779801,29.343062329987742,normal
334,120.1639104643813,40.3588120055215,normal
335,113.91719925309437,29.669487955744213,normal
336,116.6442986130171,35.57461124246459,normal
337,121.56004735775622,29.66939901897601,normal
338,125.77656018053348,33.14536598977084,normal
339,123.0438073611222,39.704479471925204,normal
340,108.5435524570095,30.229744090143022,normal
341,121.5218336451513,37.240291714013054,normal
342,120.3601678661629,35.099485556489995,normal
343,122.06945142686347,34.56211165396047,normal
344,128.08104840825604,40.686136234299795,normal
345,109.68380861597629,30.62825455918038,normal
346,117.04448287404448,28.099066498465156,normal
347,122.95453161396678,32.72014589956397,normal
348,112.09202800273029,33.67986890117088,normal
349,127.37974524026754,37.58074024487825,normal
350,121.84178306350329,30.110763267437484,normal
351,124.23291992921702,33.32209242155169,normal
352,117.14528169239102,31.724916435933554,normal
353,124.06881844983106,34.3518250604662,normal
354,125.34235777994519,31.68436145703683,normal
355,121.16439010068584,32.73328384726609,normal
356,121.17200446349348,32.4347412480767,normal
357,121.35171619640863,36.98651869254537,normal
358,115.68327367630309,35.47972784048589,normal
359,119.26235659879823,33.63752765396162,normal
360,119.23738733773821,32.89170556602729,normal
361,121.91696932176748,35.25319274233662,normal
362,124.99912123455147,33.26430931607655,normal
363,114.70731959010796,29.333023636385665,normal
364,119.37495484840211,31.286466329909164,normal
365,127.40727773829487,34.49763986188417,normal
366,116.28205885593718,29.733023988033807,normal
367,115.8887499135484,33.5972500810596,normal
368,121.01153095915596,36.763870152538544,normal
369,124.2219259524266,30.730683941155732,normal
370,120.0571302778033,34.37742335587762,normal
371,126.64480295218495,35.52442202911098,normal
372,124.28396991283263,36.534231745991164,normal
373,124.20910033445031,35.44949807696075,normal
374,122.77058250662047,30.71651144781096,normal
375,131.63826550173042,33.82376510392291,normal
376,118.97419155566978,34.08089688551772,normal
377,109.98238853966743,34.50988234199865,normal
378,128.02127180758572,29.934944117609767,normal
379,117.71150284521588,34.669037695180705,normal
380,120.53940222171516,38.00869522206726,normal
381,126.54775342430264,35.69742334975355,normal
382,111.98870229470538,33.647379572280855,normal
383,113.7417639294693,30.38843959429782,normal
384,111.99361031440573,31.640075777713864,normal
385,116.02931854987288,28.288493316467797,normal
386,122.19818303008496,27.880736654767652,normal
387,122.62093921406385,37.86285146483693,normal
388,121.38137089664276,31.725406901581746,normal
389,112.93617058053817,30.9008937737149,normal
390,108.44948281683678,26.82623975928564,normal
391,120.27176792695191,30.133453155591774,normal
392,117.64111983180833,33.09023542308996,normal
393,122.29692885858306,32.753248091473935,normal
394,123.50976813110636,36.4224181743002,normal
395,120.69120716029342,35.840817302736895,normal
396,123.80066542687926,36.3341676323679,normal
397,121.14605687057534,35.328961478664,normal
398,122.65032352800733,39.776254194226325,normal
399,116.47663368565058,30.076256888765506,normal
400,119.10194293084271,33.86432195306059,normal
401,120.98388048328479,37.964892456783,normal
402,124.1026423770871,39.251517250038994,normal
403,118.03129413887714,29.45793594878832,normal
404,122.60583627866056,34.09317261179255,normal
405,118.6708060404231,37.980307870579814,normal
406,119.41228916335935,35.64203421941416,normal
407,124.14759521012036,36.05653058304514,normal
408,110.03469814472922,30.78543110390438,normal
409,113.51763835962619,31.282208182769956,normal
410,112.58907301278589,33.03296376435265,normal
411,108.33191940075848,30.19485459669183,normal
412,116.60867779922411,33.189029222359274,normal
413,123.7471694986387,35.59213026081331,normal
414,118.57557966808713,31.844522462544397,normal
415,120.98895040970926,36.16465966727554,normal
416,125.44608748355397,44.58447322626168,normal
417,126.63843066133846,30.85144884240419,normal
418,119.6543103263693,35.158983380104026,normal
419,126.76792944784698,33.93883814781385,normal
420,120.46063329217054,36.14953153032076,normal
421,115.8130088808627,33.229103528801495,normal
422,117.02799823900632,35.72213524755777,normal
423,112.59731743717492,35.69718185443345,normal
424,115.55933073133174,33.5942149908279,normal
425,118.20991655962786,37.17041873942192,normal
426,124.01792509689301,28.400799203460544,normal
427,128.60384915582992,41.51531379541376,normal
428,113.0890924231148,33.43635571942411,normal
429,121.96413734129959,38.080426450464,normal
430,114.79728030421232,29.139595709536103,normal
431,122.37348544231601,32.47154333870286,normal
432,119.34456674656137,34.536262524309,normal
433,110.84547087076234,31.619020866491137,normal
434,124.64148495784242,36.461058609127804,normal
435,116.97499643595634,36.67497303592028,normal
436,117.33049880813223,28.227338713557803,normal
437,114.65123794355155,35.67895377045237,normal
438,116.72858361656222,33.37586962032013,normal
439,122.13945220347459,34.28564076047624,normal
440,119.05377829531797,29.602019524079036,normal
441,121.64331001141241,36.26437743696271,normal
442,121.80960926964421,27.560421952519523,normal
443,126.60330827764083,38.117555827327806,normal
444,118.2860692456781,29.319702278060486,normal
445,112.61571091577134,32.336291142358526,normal
446,125.33611208285991,35.45281122597621,normal
447,118.34255913951372,37.320774196028424,normal
448,125.57296222288689,35.34202369949744,normal
449,121.91688556591235,32.75098019253796,normal
450,119.34431234898328,32.57856686893876,normal
451,121.74387947023148,38.602613869187266,normal
452,129.7550628006315,38.681765993437395,normal
453,130.38490264526877,36.095939382650165,normal
454,120.34690567566389,33.675490933153284,normal
455,120.80095296658537,29.813026718696623,normal
456,125.38120078733192,36.988622827506596,normal
457,115.77169483616326,27.79817997296025,normal
458,121.66535186309127,37.016918501246735,normal
459,119.87068576023071,34.63463213753972,normal
460,121.56954105728776,41.89500998651827,normal
461,115.83315597025297,29.79478075889936,normal
462,112.05216253345516,31.70691730786529,normal
463,109.63508282004354,36.71917247992448,normal
464,114.41307943505196,36.26362018803194,normal
465,117.70662357530334,31.5418277239184,normal
466,118.53404206675619,34.538771447050685,normal
467,129.68615581214758,37.05918544414457,normal
468,125.52996684953649,36.711572416335756,normal
469,115.18954441829186,30.815257097271758,normal
470,121.73854226225478,34.5144794382563,normal
471,117.96460881824838,28.910016822240827,normal
472,118.57818080979952,34.28485058697554,normal
473,120.9266282470769,35.90052723371604,normal
474,123.09585558487697,34.48798621489034,normal
475,118.30370758057992,28.95590663698276,normal
476,125.31925766367179,38.7710977781749,normal
477,114.29030886928798,33.74794907663212,normal
478,120.03169531181135,32.11672479598602,normal
479,132.98836863297916,37.154875411765566,normal
480,121.11539871312638,30.102391423976307,normal
481,127.16607253303087,33.25693319753225,normal
482,120.45760089086605,32.803023358318875,normal
483,122.90388547664898,38.80065828731159,normal
484,119.71608402803655,32.28608526391944,normal
485,119.14796209417898,35.96291586203741,normal
486,116.1025880163729,31.55721939609323,normal
487,122.15150679478776,35.64427319535213,normal
488,115.74231405407116,32.64504608044607,normal
489,123.32792618156715,37.85572013786884,normal
490,125.42643502222955,34.23169027740991,normal
491,121.83265703618615,30.091745831760147,normal
492,118.56875633222154,29.730940429400974,normal
493,122.26982789654348,33.33860406004129,normal
494,118.45663472226794,30.09757286575668,normal
495,124.67773562732575,36.85284622627458,normal
496,110.84296957892438,30.272115385118447,normal
497,118.32196315940676,40.930094838481224,normal
498,110.04594002438002,26.228553364411464,normal
499,112.52469584886397,32.760812635804825,normal
500,126.81931114906955,32.85022982921715,normal
501,124.47592490985843,34.084345953097234,normal
502,116.40259883357605,33.68214380104336,normal
503,112.48748271979551,25.16316665246157,normal
504,105.17735581079174,30.761151439161722,normal
505,117.28252246033682,39.21801451834731,normal
506,132.102075061237,36.383135122390506,normal
507,122.17442135731824,35.68640110107888,normal
508,117.20213856975255,36.56109038501978,normal
509,122.32540104750153,34.458254084919446,normal
510,112.19520823502779,30.312893215842063,normal
511,118.51338318651182,27.033757413552404,normal
512,120.4973873650787,36.35079711963598,normal
513,119.56949674089476,33.82320812535467,normal
514,123.95403060845041,32.37738576253563,normal
515,121.72322613118027,35.15785473974173,normal
516,123.34163009053998,33.48942466973573,normal
517,116.5581385888462,31.71704691775234,normal
518,124.48907704205274,37.387181194626905,normal
519,128.14468473811996,32.59761983406274,normal
520,115.14925240174294,36.04173225871926,normal
521,115.5615217214272,28.82451914533828,normal
522,126.67892168160117,34.205873398248826,normal
523,119.0432800665247,39.78120431549251,normal
524,127.01910696033278,39.6732377021652,normal
525,117.78732144053907,33.946332389068914,normal
526,127.27522788135356,33.542760176740224,normal
527,120.65742908402726,32.88573424676525,normal
528,121.29114411661348,34.8744385485038,normal
529,127.82359010834952,36.63359544226151,normal
530,118.19114761277915,33.49628652905901,normal
531,115.2943895203752,32.84875660642608,normal
532,117.75717895985822,33.00178294512986,normal
533,122.2616697532157,30.605969436855872,normal
534,112.17120463909743,30.499383384688194,normal
535,123.18735451325561,37.940259165747854,normal
536,117.30614341191128,29.411038082178443,normal
537,125.73906330366782,35.356780123572975,normal
538,108.02869847549763,28.40608063525822,normal
539,116.06717112447916,33.496100180902665,normal
540,111.5676592438295,30.710574526465116,normal
541,115.86885266818024,37.537567471546936,normal
542,121.23832950554471,36.15927217844067,normal
543,119.10386687275123,30.09426675202586,normal
544,118.73311215525993,35.937430364915365,normal
545,119.2040756430997,31.734351757813727,normal
546,121.01694120309972,32.84527980103875,normal
547,114.95731979028446,33.78640557183121,normal
548,123.53424820449526,33.82025722780824,normal
549,123.31332985192742,37.91094740666241,normal
550,121.92518968828051,32.51223829782567,normal
551,122.78266721375631,33.22392240329914,normal
552,121.4820900040433,32.74005589193947,normal
553,130.17536651365535,35.49604561597927,normal
554,119.56452914473745,37.458868707997,normal
555,118.46458390832711,35.73341285463865,normal
556,116.23236209821312,38.33907817581139,normal
557,114.83868664711082,39.61398593944371,normal
558,113.77764106199463,29.41574635048716,normal
559,115.55601343384541,33.22726122022341,normal
560,119.64659809173965,30.65614136199531,normal
561,121.67147564248857,32.430460971751934,normal
562,120.25571029276081,32.46852683859323,normal
563,116.17232361285143,30.020627838399868,normal
564,124.50092282009982,32.41603041561899,normal
565,123.69706336150473,34.909164967726305,normal
566,119.20175846288991,30.407490019952185,normal
567,116.73541927667644,35.87935781360616,normal
568,122.742139604149,32.31592213179003,normal
569,120.93986793743052,42.98295489241218,normal
570,112.75936370292476,30.862807705085316,normal
571,119.66009872007797,34.40465256005915,normal
572,121.31017906037191,30.774027606708152,normal
573,115.50152606756123,38.118711293686125,normal
574,120.94921696418722,37.91542117503367,normal
575,112.72588757371105,33.09814406184007,normal
576,126.68093050006085,32.15414392510726,normal
577,126.23974992529716,36.70050061183019,normal
578,118.73741332848518,30.560682098658283,normal
579,121.81727168919537,39.19200055876161,normal
580,107.95039017100062,33.270552815845406,normal
581,114.21826169867333,32.920106172227015,normal
582,118.53110539923935,26.556903124326418,normal
583,114.6393348928657,29.80384774769882,normal
584,123.5719824131533,37.369564084271985,normal
585,129.98648265373998,40.77764611909518,normal
586,114.1169264028535,35.9323455495774,normal
587,115.81268297957403,28.313298987439644,normal
588,121.17724184154966,35.52672601802433,normal
589,128.0555807424981,39.63385443301968,normal
590,113.88812843730048,27.564458571053404,normal
591,121.2451806115347,34.61776662860449,normal
592,129.10649425406555,37.70909698180124,normal
593,111.74120425910367,31.023764605203702,normal
594,113.59465396577085,26.899129852588068,normal
595,117.8819669676958,32.703467660549045,normal
596,117.39705793572294,32.560100262298626,normal
597,124.06300643876823,35.00235605457623,normal
598,121.2082985991042,32.94052818061171,normal
599,111.12518970178935,30.42101774078684,normal
600,122.57705201450405,34.90289601424593,normal
601,117.11230556322175,34.78802254725821,normal
602,126.3722360847062,35.19307287848891,normal
603,116.8620623178154,32.16021387712897,normal
604,116.81692358448882,33.65332599604589,normal
605,122.70565805402266,29.296011666320933,normal
606,123.81463241168468,36.80671464216071,normal
607,122.24049681968101,34.9241669428257,normal
608,111.57201341307596,31.99679869781439,normal
609,122.69017219964125,37.93653783696661,normal
610,114.82845974162801,26.94968476460612,normal
611,121.17638055794131,28.70032140697777,normal
612,112.8813278230047,33.07321948540047,normal
613,122.23161073771531,34.9019667882474,normal
614,115.96700547846314,33.64396096627955,normal
615,113.58682674869739,31.06699784553906,normal
616,123.569100682412,37.298518360551796,normal
617,121.20822260838375,37.42883727422586,normal
618,116.93011599303551,34.8605514512933,normal
619,127.25589424510532,35.576341551959196,normal
620,117.79673789215128,27.33314266348573,normal
621,120.16053836985468,36.639291015498436,normal
622,121.34456723839301,38.335062352479355,normal
623,116.90167032935693,35.334152472911065,normal
624,122.35568146699964,32.31983885132595,normal
625,117.33273826417638,35.54502268505367,normal
626,117.94180838891896,36.279248663575466,normal
627,126.8132131990167,40.908795371687745,normal
628,114.79706973743784,30.17083300944122,normal
629,107.93609834535255,30.159521487896885,normal
630,128.05468497505947,38.82886900344736,normal
631,132.746639763035,38.09984157518162,normal
632,117.97365367275334,30.354775386061416,normal
633,110.31580979689907,32.76265165419413,normal
634,118.44758011902029,35.57815064973701,normal
635,118.56888525079665,34.14071304636348,normal
636,119.05038079488871,34.67314929436518,normal
637,114.43305979039076,31.919042235054455,normal
638,122.8978057123824,39.548495582114576,normal
639,122.62253687643043,32.332933984984955,normal
640,112.52797190090347,30.38888682625251,normal
641,123.49598365847444,35.3175233001467,normal
642,130.26342490972945,39.85498348588252,normal
643,120.8598016621853,30.039252393197906,normal
644,118.31337418965747,29.87293094774867,normal
645,119.2899839279624,27.969667027642245,normal
646,123.07628383484281,35.26273820000061,normal
647,111.34664197246391,28.458408826227203,normal
648,120.82195351488652,33.366907817056685,normal
649,118.04768025268595,35.71204321329968,normal
650,129.23912506478024,35.00083614187439,normal
651,119.12913633097521,34.73074216279444,normal
652,128.3394380555976,35.77039714977272,normal
653,114.48129651108997,34.72528480560073,normal
654,122.93629583401396,36.550040154619445,normal
655,121.59700131895615,32.66619928832078,normal
656,115.65476376067609,32.53826295713466,normal
657,120.8869805731847,37.670367499785684,normal
658,126.062594184158,37.19801466337886,normal
659,118.381041478567,29.632268534908604,normal
660,111.54018675415118,33.835478970414485,normal
661,119.91218586761278,31.00679266629494,normal
662,115.48788452603743,37.23407764589371,normal
663,118.2882953066806,36.86895232143182,normal
664,119.5920611515744,35.03881675677646,normal
665,111.47173891992242,32.320766793143555,normal
666,111.92170830339661,31.35053417574534,normal
667,122.41033417762763,37.00995304780798,normal
668,117.38640651915159,32.426638782799984,normal
669,107.17627829089716,31.32850340931887,normal
670,123.92422018304067,38.02272315185569,normal
671,121.3618487763712,32.98939430552929,normal
672,116.43062587981758,31.417314888547224,normal
673,113.4158489447088,28.821431827743424,normal
674,124.17903948157169,32.28630732778482,normal
675,121.74675311280215,29.299600669333252,normal
676,131.91301141342038,39.878918199452414,normal
677,122.10094299362468,40.312727338712506,normal
678,121.93851570631007,39.115562746499506,normal
679,119.16536034945717,29.16899234825107,normal
680,124.08387933600396,37.62710096781259,normal
681,123.12542600624077,39.44501219441089,normal
682,126.25862504282597,34.70346292716285,normal
683,117.39338540681358,33.84530955103974,normal
684,117.82296263528019,27.640024457666044,normal
685,117.6044841454401,34.40148968834138,normal
686,123.95400860589494,32.224751841951544,normal
687,127.49187220148366,37.025154254158444,normal
688,117.70579753425349,28.946619100362923,normal
689,117.87613136103454,35.30746934801408,normal
690,121.570386119349,37.80793406037978,normal
691,118.7711924999355,31.585086843407492,normal
692,124.76026826569945,32.235023188825686,normal
693,108.74111354690477,24.600820457179992,normal
694,115.86647476541553,32.30546647360748,normal
695,116.08791833019276,31.423194862924543,normal
696,108.39821993806927,26.317861745261343,normal
697,115.18180777815599,34.26814420555251,normal
698,115.42421942077037,31.628437260340444,normal
699,118.99447672740585,30.771214046180262,normal
700,125.56482945830132,34.211948342593324,normal
701,118.7746967440465,37.14954125794498,normal
702,114.84593139864423,34.62193408802116,normal
703,119.71522729393236,33.81427247091377,normal
704,125.24586810720675,37.64184880031077,normal
705,115.12020591942547,29.40875153638992,normal
706,115.44712558039275,33.08200332515045,normal
707,122.79274479637112,35.52560836185116,normal
708,118.892319421346,32.55972459488839,normal
709,123.23742345354736,36.517067423171504,normal
710,119.93176604102352,31.924918504930513,normal
711,123.50831824044784,36.81755304917059,normal
712,114.8246094297968,34.4626075802501,normal
713,119.93957674605866,25.516970856782706,normal
714,118.94654992818421,37.555645661440124,normal
715,113.92054537947935,23.40582955522155,normal
716,112.18261026065656,30.20402728351921,normal
717,123.42874517637331,38.34139986745136,normal
718,118.24523808891011,32.83249356393128,normal
719,114.88859859176335,28.42675593595233,normal
720,119.51910531538334,30.867104619245225,normal
721,125.64009428674652,38.97788703517515,normal
722,108.59631077314039,25.26300377210848,normal
723,112.51680655048337,35.53463231730987,normal
724,115.38556779052367,32.801998785879896,normal
725,127.30589433360164,32.79592667541603,normal
726,121.41293491459648,32.940064758690916,normal
727,123.83658620230614,32.330208748782546,normal
728,114.29919540436885,35.2555885752524,normal
729,114.40232062364737,34.88366075033062,normal
730,122.23906858361356,29.76796476511859,normal
731,120.29137165467723,33.158186974349775,normal
732,122.74369409432063,32.48006989705878,normal
733,119.06164504535774,37.89814277548032,normal
734,121.39071863227313,30.632765111984487,normal
735,120.79059542452555,39.324286006776624,normal
736,123.88883694542463,35.296926337284795,normal
737,124.03504140972235,31.952780040780407,normal
738,111.90064002804115,29.93978888455535,normal
739,108.76365722329572,28.670474112921998,normal
740,125.00872698825754,31.892923933455634,normal
741,125.93862546630969,36.26694499813675,normal
742,114.89688490243331,29.143934748619703,normal
743,110.70082296727186,25.087707935863108,normal
744,120.495174105036,33.28816318889434,normal
745,124.65419113175264,30.206914591247106,normal
746,128.98797261217157,34.59722385641789,normal
747,122.58148786050725,32.29597358004915,normal
748,118.14141651707152,31.141042217371563,normal
749,115.53434689207569,39.012702702506374,normal
750,120.05725645835327,34.47130797532393,normal
751,118.50367648057372,34.594306307149914,normal
752,114.92466047135592,27.506422388503378,normal
753,130.24377825431642,35.25061867175107,normal
754,128.92584201036067,37.481862749927586,normal
755,125.68024341777715,32.83505423776874,normal
756,115.39574801095436,35.69440224796949,normal
757,124.2750966214864,31.89908070557874,normal
758,123.19813204748951,34.340367891687194,normal
759,122.21272812102026,33.15976740036483,normal
760,126.24832633521889,36.56391235963686,normal
761,123.17685571430638,33.2719171313784,normal
762,123.70007118152168,34.53019659922195,normal
763,123.18453141686105,34.48719012948349,normal
764,121.70395704001054,32.56939588211482,normal
765,111.08194435142909,33.19297999161393,normal
766,120.41810538705279,35.120338092241646,normal
767,117.21904020575437,33.225312508741744,normal
768,113.60079521179989,31.165995060128385,normal
769,128.4090830965041,39.07794154770402,normal
770,128.64497670442853,36.048204898394175,normal
771,126.79610300147806,35.30736613694449,normal
772,121.27606708427938,34.96437497088706,normal
773,126.75312560476328,41.30493879313063,normal
774,120.06026590300912,30.28186449108185,normal
775,121.0139863844889,36.884995360448606,normal
776,114.53264314769008,27.044098844197137,normal
777,121.9849565224942,35.504664195398504,normal
778,120.30192964212209,39.09722838057536,normal
779,113.48673941582769,33.890788263638406,normal
780,119.74401444091701,34.7244507901671,normal
781,119.60135218071596,32.490466502366765,normal
782,128.9878058332232,36.946800410958005,normal
783,124.47106664256705,34.80697345166623,normal
784,120.05722719545733,31.944135089193743,normal
785,121.24393654900541,33.77149788186265,normal
786,120.22106189052099,34.94401830774246,normal
787,118.98543007602225,31.694185958985866,normal
788,114.58786401305856,30.32054425596268,normal
789,119.24474061196536,29.989195576356437,normal
790,116.26950871673743,34.39203471162024,normal
791,113.74842230538427,34.135519016010974,normal
792,122.55610907273767,35.711012496348886,normal
793,121.95632329966618,37.74017527809062,normal
794,111.06646244315961,31.99687789500207,normal
795,119.38657681252437,35.28648332996137,normal
796,124.97850692949962,36.61965711391258,normal
797,125.2961186944816,35.52427099731155,normal
798,125.12918421442619,34.15873000544712,normal
799,120.1945660345073,40.98376242866353,normal
800,100.0,27.21557563186805,swma
801,200.0,55.145224009495834,swma
802,200.0,58.444886613207466,swma
803,200.0,57.89842038874216,swma
804,200.0,52.92848250002616,swma
805,200.0,60.51089190654836,swma
806,200.0,56.860273416804645,swma
807,200.0,53.81006385720998,swma
808,200.0,60.70920948591877,swma
809,200.0,59.01988385764561,swma
810,200.0,53.3492311670134,swma
811,100.0,33.902977092201745,swma
812,100.0,30.547820676527152,swma
813,100.0,28.540840224553435,swma
814,100.0,33.34208498829391,swma
815,100.0,29.049321922917496,swma
816,100.0,28.487179346116477,swma
817,100.0,26.590528223362607,swma
818,100.0,30.31697988934981,swma
819,100.0,30.00123747340051,swma
820,100.0,28.615468991097707,swma
821,200.0,54.77289808125434,swma
822,200.0,57.53264670535537,swma
823,200.0,56.93346078557073,swma
824,200.0,53.14243418665454,swma
825,200.0,52.727420088884585,swma
826,200.0,58.83831727928646,swma
827,200.0,49.33719219770208,swma
828,200.0,57.75908872374092,swma
829,200.0,55.708607969595676,swma
830,200.0,61.067596963496875,swma
831,100.0,27.091023943966945,swma
832,100.0,30.54988121418426,swma
833,100.0,27.3806870477152,swma
834,100.0,28.912673031887003,swma
835,100.0,30.781938164188727,swma
836,100.0,27.183761422454833,swma
837,100.0,31.561093224923784,swma
838,100.0,25.590334940109123,swma
839,100.0,29.45520709910371,swma
840,100.0,31.33934773979213,swma
841,200.0,59.12296961822815,swma
842,200.0,62.892191773063374,swma
843,200.0,54.852539190925164,swma
844,200.0,53.00540938881138,swma
845,200.0,54.15985181737179,swma
846,200.0,59.12418484250246,swma
847,200.0,58.63662594566528,swma
848,200.0,57.449627121799395,swma
849,200.0,53.77398599553575,swma
850,200.0,59.44345902284433,swma
851,100.0,24.89731423847695,swma
852,100.0,32.04827731855927,swma
853,100.0,37.14374384084817,swma
854,100.0,29.670782011143224,swma
855,100.0,30.320752978401803,swma
856,100.0,27.092849264741893,swma
857,100.0,23.140788608168123,swma
858,100.0,26.763270482337905,swma
859,100.0,25.292742848132324,swma
860,100.0,24.230414842183528,swma
861,200.0,62.30993696884409,swma
862,200.0,57.961444696934464,swma
863,200.0,58.2819198846991,swma
864,200.0,56.2157900472684,swma
865,200.0,56.62424389552684,swma
866,200.0,60.03650918957515,swma
867,200.0,57.0458457867715,swma
868,200.0,58.734938956931344,swma
869,200.0,56.5548442493221,swma
870,200.0,56.116398470661004,swma
871,100.0,24.350686074622985,swma
872,100.0,22.63818138432719,swma
873,100.0,27.786742868229368,swma
874,100.0,28.74091864740827,swma
875,100.0,24.7130384613022,swma
876,100.0,28.468003976324674,swma
877,100.0,28.73268626040008,swma
878,100.0,22.103404553250435,swma
879,100.0,25.82605459299007,swma
880,100.0,29.793220252634978,swma
881,200.0,58.30403333104438,swma
882,200.0,53.681832393657864,swma
883,200.0,57.61820129435635,swma
884,200.0,60.21007881893856,swma
885,200.0,59.47407601982984,swma
886,200.0,56.85699978181534,swma
887,200.0,55.73892820288427,swma
888,200.0,55.25482368985363,swma
889,200.0,58.54631649158612,swma
890,200.0,57.72816906228581,swma
891,100.0,30.459640589735173,swma
892,100.0,28.96705001079203,swma
893,100.0,31.0277204224709,swma
894,100.0,28.855206170301674,swma
895,100.0,30.925494719823632,swma
896,100.0,31.18389688252849,swma
897,100.0,26.15784868075413,swma
898,100.0,23.146996430816337,swma
899,100.0,33.20190713947223,swma
900,100.0,29.341404763565357,swma
901,200.0,51.99939945636878,swma
902,200.0,55.001398651201015,swma
903,200.0,59.45848001996663,swma
904,200.0,56.303826649458465,swma
905,200.0,55.606672884899766,swma
906,200.0,61.345502723796045,swma
907,200.0,54.00099570370571,swma
908,200.0,54.74839706959264,swma
909,200.0,57.77701656800195,swma
910,100.0,29.74279336759022,swma
911,100.0,30.060457674450767,swma
912,100.0,31.305142705135413,swma
913,100.0,29.167164433473122,swma
914,100.0,30.0395803882438,swma
915,100.0,27.793800793483324,swma
916,100.0,28.759523481138714,swma
917,100.0,28.894031111589477,swma
918,100.0,29.21672297888568,swma
919,100.0,30.889047994176856,swma
920,100.0,30.236865617263067,swma
921,200.0,57.275508151557695,swma
922,200.0,54.715479188034024,swma
923,200.0,57.345870917045275,swma
924,200.0,57.05880378816991,swma
925,200.0,57.722401882296744,swma
926,200.0,63.762433064278355,swma
927,200.0,55.57153880723344,swma
928,200.0,58.40972420023323,swma
929,200.0,60.34824334459004,swma
930,200.0,57.43686288515529,swma
931,100.0,35.58496392894507,swma
932,100.0,27.437310696234142,swma
933,100.0,29.543696238388716,swma
934,100.0,26.175011336749627,swma
935,100.0,27.516854365998693,swma
936,100.0,29.318230302618545,swma
937,100.0,31.11034075835176,swma
938,100.0,29.528713073499297,swma
939,100.0,32.34877311943278,swma
940,100.0,28.28653263965056,swma
941,200.0,56.14635155334013,swma
942,200.0,65.2548124646953,swma
943,200.0,58.32557009118324,swma
944,200.0,54.9844125049215,swma
945,200.0,55.06006585611294,swma
946,200.0,54.31481739926313,swma
947,200.0,59.95256521042751,swma
948,200.0,56.04972526417742,swma
949,200.0,57.5249445698266,swma
950,200.0,56.95233111954234,swma
951,100.0,30.765905795251378,swma
952,100.0,26.031196292776514,swma
953,100.0,25.344711712999526,swma
954,100.0,29.244320492973355,swma
955,100.0,30.374306425528264,swma
956,100.0,29.569025510721495,swma
957,100.0,26.14306738413659,swma
958,100.0,30.603883097702756,swma
959,100.0,26.33984579014167,swma
960,100.0,27.006812637069423,swma
961,200.0,54.31099656869114,swma
962,200.0,61.04633218881324,swma
963,200.0,59.04312176593919,swma
964,200.0,58.957837269893766,swma
965,200.0,60.884491406284496,swma
966,200.0,65.58080488757332,swma
967,200.0,52.015178831126676,swma
968,200.0,54.92772740022582,swma
969,200.0,55.294331890333574,swma
970,100.0,26.018969704280494,swma
971,100.0,25.338678828617436,swma
972,100.0,27.672469379262477,swma
973,100.0,24.921617425560356,swma
974,100.0,29.57655567404081,swma
975,100.0,28.726523535714417,swma
976,100.0,30.014514565719537,swma
977,100.0,30.09461392634333,swma
978,100.0,30.380449131708602,swma
979,100.0,27.451201760956927,swma
980,100.0,34.93485877932957,swma
981,200.0,57.84615049230344,swma
982,200.0,51.55540288498276,swma
983,200.0,54.13572990555849,swma
984,200.0,51.9213481757737,swma
985,200.0,57.19486103031107,swma
986,200.0,56.77744147069715,swma
987,200.0,55.73758004915877,swma
988,200.0,63.17563548005869,swma
989,200.0,58.78980576508788,swma
990,100.0,30.749723655767575,swma
991,100.0,25.778208107602264,swma
992,100.0,25.573993897435535,swma
993,100.0,28.681845068719436,swma
994,100.0,29.09044999038525,swma
995,100.0,23.002493870085203,swma
996,100.0,28.03050750287997,swma
997,100.0,28.61364482004909,swma
998,100.0,27.925981074115185,swma
999,100.0,26.131257334388543,swma
1000,100.0,26.952823025665154,swma
1001,200.0,56.61227956213876,swma
1002,200.0,57.41525721368729,swma
1003,200.0,58.95723189050885,swma
1004,200.0,60.38542575770976,swma
1005,200.0,56.259813972275396,swma
1006,200.0,55.77438855451107,swma
1007,200.0,58.455824163460065,swma
1008,200.0,58.97539189208971,swma
1009,200.0,55.84025584308049,swma
1010,100.0,30.94260900232709,swma
1011,100.0,31.510184594896494,swma
1012,100.0,32.44648796840459,swma
1013,100.0,33.90639129158804,swma
1014,100.0,25.972180155450257,swma
1015,100.0,28.613123199426106,swma
1016,100.0,28.605261661284555,swma
1017,100.0,28.277207865831052,swma
1018,100.0,26.623639812598164,swma
1019,100.0,24.11474256173536,swma
1020,200.0,57.42089548094416,swma
1021,200.0,54.83779016421341,swma
1022,200.0,57.40083758510002,swma
1023,200.0,54.76072651776059,swma
1024,200.0,53.84388210532412,swma
1025,200.0,57.84575222398784,swma
1026,200.0,57.595621723276636,swma
1027,200.0,58.88070305681995,swma
1028,200.0,63.70044844211002,swma
1029,200.0,57.97472573648969,swma
1030,100.0,30.02667387262096,swma
1031,100.0,25.338744584826596,swma
1032,100.0,24.71070624981945,swma
1033,100.0,33.31991691174858,swma
1034,100.0,25.800989231628662,swma
1035,100.0,25.439596357022648,swma
1036,100.0,28.454131807778914,swma
1037,100.0,28.300851331296407,swma
1038,100.0,25.8639090520987,swma
1039,100.0,27.656508915289272,swma
1040,100.0,32.259555724378885,swma
1041,200.0,54.72487631636175,swma
1042,200.0,52.961839689758634,swma
1043,200.0,59.97063800555652,swma
1044,200.0,58.619747878671255,swma
1045,200.0,55.28130128091116,swma
1046,200.0,52.39635609447639,swma
1047,200.0,54.908987073541454,swma
1048,200.0,56.978743832309334,swma
1049,200.0,60.63987341250861,swma
1050,200.0,54.03311121824817,swma
1051,100.0,28.317868926894153,swma
1052,100.0,30.59686255111327,swma
1053,100.0,21.42762655106281,swma
1054,100.0,31.67278707524527,swma
1055,100.0,25.02407685480926,swma
1056,100.0,29.567415051799376,swma
1057,100.0,29.311478020260804,swma
1058,100.0,31.82518774582011,swma
1059,100.0,30.224201714109192,swma
1060,100.0,21.43955709623863,swma
1061,200.0,54.78851940138917,swma
1062,200.0,57.55747253091699,swma
1063,200.0,56.557917484497786,swma
1064,200.0,58.57568933212746,swma
1065,200.0,59.510956809866265,swma
1066,200.0,58.96821235214618,swma
1067,200.0,56.50003231519375,swma
1068,200.0,51.603846109495706,swma
1069,200.0,55.776413396292696,swma
1070,200.0,58.39196158727401,swma
1071,100.0,25.300086813777142,swma
1072,100.0,30.4652527617933,swma
1073,100.0,31.296608463230488,swma
1074,100.0,28.9520295003161,swma
1075,100.0,19.380088972491386,swma
1076,100.0,24.737163483293163,swma
1077,100.0,34.22999604709682,swma
1078,100.0,26.93181519234344,swma
1079,100.0,22.618998902041586,swma
1080,100.0,32.27717073635939,swma
1081,200.0,57.18292391748817,swma
1082,200.0,60.45767860973032,swma
1083,200.0,57.97373316851524,swma
1084,200.0,58.51853455149365,swma
1085,200.0,58.23188488600069,swma
1086,200.0,59.23532207862014,swma
1087,200.0,63.97514848852544,swma
1088,200.0,60.05587615073471,swma
1089,200.0,52.40183918932054,swma
1090,100.0,29.911413117265283,swma
1091,100.0,31.995870875738227,swma
1092,100.0,32.17953099103701,swma
1093,100.0,27.291613622251276,swma
1094,100.0,32.066261906992956,swma
1095,100.0,31.35465577008219,swma
1096,100.0,36.28898088233776,swma
1097,100.0,26.32142336268304,swma
1098,100.0,27.0492268422273,swma
1099,100.0,27.65307142604871,swma
1100,100.0,27.100762121312247,swma
1101,200.0,54.47279489356634,swma
1102,200.0,48.854830625835916,swma
1103,200.0,55.838758721687746,swma
1104,200.0,58.25093132195686,swma
1105,200.0,55.66319160633942,swma
1106,200.0,62.949000693444475,swma
1107,200.0,57.18298458100473,swma
1108,200.0,61.01594430840955,swma
1109,200.0,57.92711838104705,swma
1110,200.0,59.62207907253692,swma
1111,100.0,29.40915323322926,swma
1112,100.0,32.67778246713926,swma
1113,100.0,28.739246621825774,swma
1114,100.0,30.05979069569493,swma
1115,100.0,29.670427372378704,swma
1116,100.0,27.706572197046615,swma
1117,100.0,29.786375528202605,swma
1118,100.0,35.274587310021616,swma
1119,100.0,27.76023774514225,swma
1120,100.0,29.82982324998832,swma
1121,200.0,60.91619399546548,swma
1122,200.0,60.56361698568999,swma
1123,200.0,57.17800639601524,swma
1124,200.0,49.99269103398506,swma
1125,200.0,58.692965598802544,swma
1126,200.0,50.48443436698799,swma
1127,200.0,61.55266883568084,swma
1128,200.0,57.65127875643693,swma
1129,200.0,60.14187920247311,swma
1130,200.0,54.43652372831399,swma
1131,100.0,23.91390615152841,swma
1132,100.0,29.353691723852073,swma
1133,100.0,28.470618251560147,swma
1134,100.0,27.096806092957074,swma
1135,100.0,28.825412413626864,swma
1136,100.0,36.87373624752535,swma
1137,100.0,31.075005213535746,swma
1138,100.0,31.71992438901853,swma
1139,100.0,31.10323924608864,swma
1140,200.0,61.581243574413726,swma
1141,200.0,56.57264212415491,swma
1142,200.0,50.97857321983126,swma
1143,200.0,56.577098743839116,swma
1144,200.0,59.57806427284665,swma
1145,200.0,54.23345595751192,swma
1146,200.0,56.61375929138916,swma
1147,200.0,55.067547913850206,swma
1148,200.0,61.64894489838654,swma
1149,200.0,59.391228189076834,swma
1150,200.0,59.09747900478902,swma
1151,100.0,30.436232510791488,swma
1152,100.0,28.45968081377219,swma
1153,100.0,29.164097419011085,swma
1154,100.0,25.01587482983162,swma
1155,100.0,22.01210263517687,swma
1156,100.0,29.021671962463646,swma
1157,100.0,29.543399340245006,swma
1158,100.0,32.1992222767047,swma
1159,100.0,33.28543601967568,swma
1160,100.0,33.28142402642541,swma
1161,200.0,54.148786362975514,swma
1162,200.0,56.08606203800784,swma
1163,200.0,58.583860030501285,swma
1164,200.0,64.73857117608368,swma
1165,200.0,61.5831547539989,swma
1166,200.0,60.50104862885229,swma
1167,200.0,55.979493276209276,swma
1168,200.0,54.49325824939177,swma
1169,200.0,59.50958079300686,swma
1170,200.0,53.84087335015407,swma
1171,100.0,27.856119518487667,swma
1172,100.0,28.227094724422805,swma
1173,100.0,33.350164838797,swma
1174,100.0,27.50733666254954,swma
1175,100.0,21.253679655710727,swma
1176,100.0,30.084762514415978,swma
1177,100.0,26.474363012116793,swma
1178,100.0,28.699321644741815,swma
1179,100.0,28.311314468902204,swma
1180,200.0,56.32174515540384,swma
1181,200.0,59.51387888821126,swma
1182,200.0,52.544262507799026,swma
1183,200.0,55.59181446799406,swma
1184,200.0,59.19497088220929,swma
1185,200.0,55.30060281682404,swma
1186,200.0,52.31643701504723,swma
1187,200.0,59.14852317262735,swma
1188,200.0,60.51214103418177,swma
1189,200.0,57.00787151992812,swma
1190,200.0,51.26032034744855,swma
1191,100.0,30.68933781152502,swma
1192,100.0,23.591764927169507,swma
1193,100.0,29.49782640197307,swma
1194,100.0,25.909037097202095,swma
1195,100.0,25.09191071412768,swma
1196,100.0,27.245698520189503,swma
1197,100.0,28.021535902146795,swma
1198,100.0,26.638803820269228,swma
1199,100.0,30.337538406074025,swma
1200,100.0,27.233220436052072,swma
1201,200.0,60.08342975787261,swma
1202,200.0,57.986376639787586,swma
1203,200.0,55.05018552306822,swma
1204,200.0,54.54503749136029,swma
1205,200.0,52.20036824571483,swma
1206,200.0,58.01505667645761,swma
1207,200.0,56.07909450110307,swma
1208,200.0,50.0262705586666,swma
1209,200.0,55.53571252454895,swma
1210,200.0,54.43975505509229,swma
1211,100.0,33.29846134794055,swma
1212,100.0,23.463092735748646,swma
1213,100.0,24.24737617222641,swma
1214,100.0,31.901337500745672,swma
1215,100.0,32.64171804382046,swma
1216,100.0,26.33647975525165,swma
1217,100.0,26.67517110300184,swma
1218,100.0,30.420134761088512,swma
1219,100.0,21.59012918059264,swma
1220,200.0,51.55927608934048,swma
1221,200.0,56.30065694030501,swma
1222,200.0,61.792528841244525,swma
1223,200.0,55.835666878356925,swma
1224,200.0,57.445667518062606,swma
1225,200.0,60.54422496054918,swma
1226,200.0,63.46351134269158,swma
1227,200.0,55.41231172341221,swma
1228,200.0,57.092346971656866,swma
1229,200.0,62.609022806885676,swma
1230,200.0,52.57625931728286,swma
1231,100.0,31.65417178309004,swma
1232,100.0,25.5164819743448,swma
1233,100.0,28.878845672738045,swma
1234,100.0,27.84357142922775,swma
1235,100.0,25.697393769324886,swma
1236,100.0,25.622122788453748,swma
1237,100.0,29.400671664189836,swma
1238,100.0,31.55804655591662,swma
1239,100.0,28.182219961863062,swma
1240,200.0,57.353196619056796,swma
1241,200.0,58.85637934173029,swma
1242,200.0,54.22800082381826,swma
1243,200.0,59.36193466809591,swma
1244,200.0,59.60088643403639,swma
1245,200.0,64.95373603910838,swma
1246,200.0,56.0145445711784,swma
1247,200.0,55.768611737852765,swma
1248,200.0,59.44975475757838,swma
1249,200.0,59.60016964959356,swma
1250,200.0,55.53759568272701,swma
1251,100.0,27.361940540638425,swma
1252,100.0,30.194821086082694,swma
1253,100.0,26.08867584922459,swma
1254,100.0,27.33982660738353,swma
1255,100.0,28.840206873533877,swma
1256,100.0,31.559244625895346,swma
1257,100.0,26.75763272288995,swma
1258,100.0,23.04427518533656,swma
1259,100.0,22.82163616887394,swma
1260,200.0,53.36461794273875,swma
1261,200.0,53.203353988257334,swma
1262,200.0,56.679024866997416,swma
1263,200.0,53.57621668206433,swma
1264,200.0,55.034592263393534,swma
1265,200.0,54.820599487911,swma
1266,200.0,55.821333560313164,swma
1267,200.0,61.110370137426514,swma
1268,200.0,59.12869991114869,swma
1269,200.0,57.19124538868516,swma
1270,100.0,27.18834972968606,swma
1271,100.0,27.271730601559508,swma
1272,100.0,29.55466798128442,swma
1273,100.0,30.323935791485443,swma
1274,100.0,25.84857605312677,swma
1275,100.0,28.680870838271268,swma
1276,100.0,22.476569865439494,swma
1277,100.0,29.206569923940364,swma
1278,100.0,30.85787629730463,swma
1279,100.0,27.73122269078595,swma
1280,100.0,34.02100955984889,swma
1281,200.0,54.499141800549,swma
1282,200.0,57.79517838876693,swma
1283,200.0,57.03538290285928,swma
1284,200.0,56.84196414052692,swma
1285,200.0,56.7998906388429,swma
1286,200.0,57.46417223288556,swma
1287,200.0,59.686733373248245,swma
1288,200.0,61.27606585168138,swma
1289,200.0,57.13610640934468,swma
1290,200.0,59.588805359372046,swma
1291,100.0,26.466127732628227,swma
1292,100.0,30.86929492960727,swma
1293,100.0,26.285453999947602,swma
1294,100.0,31.84340837969297,swma
1295,100.0,35.20335120360829,swma
1296,100.0,28.205176907514396,swma
1297,100.0,21.993798099006348,swma
1298,100.0,26.927209771694105,swma
1299,100.0,32.26705397429648,swma
1300,100.0,30.23065893250431,swma
1301,200.0,57.88959793888223,swma
1302,200.0,60.16886221072166,swma
1303,200.0,58.59621746060241,swma
1304,200.0,60.79603270521056,swma
1305,200.0,59.9011281727981,swma
1306,200.0,61.70795850106802,swma
1307,200.0,58.21924539457591,swma
1308,200.0,59.85863534733901,swma
1309,200.0,56.22147592359979,swma
1310,200.0,55.33847470818013,swma
1311,100.0,33.69173149268549,swma
1312,100.0,29.22004260039664,swma
1313,100.0,30.98607026901571,swma
1314,100.0,28.942648614662744,swma
1315,100.0,26.81188161866868,swma
1316,100.0,28.604377249175776,swma
1317,100.0,32.87941062473172,swma
1318,100.0,30.237148794266844,swma
1319,100.0,23.437009092237197,swma
1320,100.0,27.92569520170011,swma
1321,200.0,62.48973852097128,swma
1322,200.0,56.501466557307275,swma
1323,200.0,51.741421067654606,swma
1324,200.0,62.82200379912478,swma
1325,200.0,59.190034672295525,swma
1326,200.0,56.932818566418746,swma
1327,200.0,56.02860393461094,swma
1328,200.0,60.38991293223235,swma
1329,200.0,55.516906942178565,swma
1330,200.0,60.58762641640511,swma
1331,100.0,30.19801442860134,swma
1332,100.0,29.305474347890623,swma
1333,100.0,29.00797298743536,swma
1334,100.0,28.04652446128604,swma
1335,100.0,31.70834893205637,swma
1336,100.0,25.97540007512307,swma
1337,100.0,23.705653190937944,swma
1338,100.0,30.414748940105998,swma
1339,100.0,30.465143555630014,swma
1340,100.0,30.01215202896387,swma
1341,200.0,58.366042251711264,swma
1342,200.0,56.181236007844504,swma
1343,200.0,59.50530525601372,swma
1344,200.0,57.006182762593525,swma
1345,200.0,55.681516460411615,swma
1346,200.0,56.207183206090946,swma
1347,200.0,63.20477623918464,swma
1348,200.0,51.93792889672085,swma
1349,200.0,58.64222145574454,swma
1350,100.0,23.534097288557422,swma
1351,100.0,28.246728556459654,swma
1352,100.0,27.27054611596601,swma
1353,100.0,22.31634368138894,swma
1354,100.0,29.73854134272986,swma
1355,100.0,27.431314384851987,swma
1356,100.0,22.27380954374484,swma
1357,100.0,31.09013284375133,swma
1358,100.0,32.87644710539538,swma
1359,100.0,33.04180159831829,swma
1360,100.0,29.648297893382985,swma
1361,200.0,57.281031558588495,swma
1362,200.0,61.12732700554454,swma
1363,200.0,62.19000789887744,swma
1364,200.0,60.543563251484024,swma
1365,200.0,54.318244336167744,swma
1366,200.0,57.74689170250191,swma
1367,200.0,58.46140557573143,swma
1368,200.0,51.71400623610546,swma
1369,200.0,58.550939121719466,swma
1370,100.0,35.39040404936674,swma
1371,100.0,30.491237068830948,swma
1372,100.0,32.99166781575384,swma
1373,100.0,29.12017276181469,swma
1374,100.0,28.35177359947711,swma
1375,100.0,29.7152427416715,swma
1376,100.0,26.123948627475276,swma
1377,100.0,25.680103009725407,swma
1378,100.0,32.37034224293667,swma
1379,100.0,32.68845560002813,swma
1380,200.0,54.1695381960951,swma
1381,200.0,60.04685355651874,swma
1382,200.0,56.88197721603908,swma
1383,200.0,58.16228286632844,swma
1384,200.0,58.52351306116233,swma
1385,200.0,60.125908547230104,swma
1386,200.0,57.391011748446715,swma
1387,200.0,61.373343128762954,swma
1388,200.0,58.07109566213692,swma
1389,200.0,59.01540996026574,swma
1390,200.0,54.643069368245406,swma
1391,100.0,35.047405603543076,swma
1392,100.0,29.980903341043472,swma
1393,100.0,30.710420847463872,swma
1394,100.0,23.74687113779395,swma
1395,100.0,26.10332250219127,swma
1396,100.0,32.285079635184765,swma
1397,100.0,29.432101926306387,swma
1398,100.0,22.830089366941795,swma
1399,100.0,31.68629835838003,swma
1400,114.6198186881234,31.117171212119942,normal
1401,113.66520469056776,36.709723726363784,normal
1402,119.37841961900143,33.844612855332166,normal
1403,119.51712013746065,34.76186866876463,normal
1404,123.14932444642027,38.72238500618074,normal
1405,122.39991860136834,32.27892640211268,normal
1406,117.47108537387531,30.584626826176844,normal
1407,113.02317648455653,31.702840877250402,normal
1408,116.72357361195641,35.83111085942264,normal
1409,118.86892477924209,29.969918179085845,normal
1410,117.19166701844239,28.479229634173393,normal
1411,115.68842356768937,35.524998086185484,normal
1412,119.0115392598796,32.19436199369316,normal
1413,115.98416903435756,31.9616559710556,normal
1414,115.4877356650985,27.426064698493356,normal
1415,119.24581133721375,32.03329386757655,normal
1416,116.39202967948319,33.232163732816026,normal
1417,118.97641755591341,36.784395731701075,normal
1418,119.0928160914085,31.712828384555653,normal
1419,113.4422839956337,37.384209502307115,normal
1420,116.07503550453835,31.110627785900128,normal
1421,123.75110775966584,33.308183955149,normal
1422,113.35168194906285,36.998267498282786,normal
1423,109.53338220411787,31.929632515411143,normal
1424,110.55261938702995,29.930388494973826,normal
1425,118.11643978630667,33.28215483111727,normal
1426,118.1236691121308,37.808840478949264,normal
1427,117.52955657829952,37.97848176696262,normal
1428,122.856759315714,32.651551695250376,normal
1429,107.30866226758825,30.532316360502175,normal
1430,119.5837354977233,34.4372520537808,normal
1431,124.24575280721429,32.54006618479715,normal
1432,113.48887694043314,32.258338253602346,normal
1433,116.48077395284042,33.29618971073808,normal
1434,114.98843233108552,36.274466245691784,normal
1435,114.42261581568988,36.314451032273574,normal
1436,116.69495197990784,32.35378665632522,normal
1437,123.70994113473802,34.703838035485575,normal
1438,125.34954670195008,37.80703310672407,normal
1439,116.65624309983941,31.57478982460166,normal
1440,125.62024085625788,37.65741784271446,normal
1441,118.14230590793849,33.49122508301764,normal
1442,125.01476410680432,32.810308297299656,normal
1443,117.62680540138604,30.737148547471357,normal
1444,118.52423130418458,38.205242175003185,normal
1445,119.46189789057134,33.66270638844763,normal
1446,130.71541471747014,42.268323629543545,normal
1447,121.40514229937915,33.146274731963594,normal
1448,115.17094188019415,33.77959899773566,normal
1449,121.87599148110343,41.99974202079856,normal
1450,116.55266985166263,30.128602580770913,normal
1451,116.04099926839517,27.461127719842146,normal
1452,121.63440543956844,38.61245766230983,normal
1453,118.12434235108461,31.26938478413067,normal
1454,119.11430365804722,33.97053909569479,normal
1455,118.05594088746118,31.97251419363415,normal
1456,119.34633250642175,34.90344048755788,normal
1457,119.6998635897446,31.34835240408409,normal
1458,110.25213226917833,30.96078895611532,normal
1459,120.66629067443813,35.82552902950907,normal
1460,114.0719223206788,29.567051147085444,normal
1461,112.23080345776235,29.96569175613729,normal
1462,117.76635502456527,32.605381506223054,normal
1463,118.33592401325782,29.523817701109117,normal
1464,115.22597534171088,31.654024292092583,normal
1465,121.3241274306719,35.02042602847211,normal
1466,112.63129933451637,30.981724413667962,normal
1467,116.37222500490977,32.43507766546476,normal
1468,115.660503460268,32.98615311878539,normal
1469,117.81365091864264,31.693812732315237,normal
1470,119.11545713858895,36.10617545148319,normal
1471,113.96842820150582,36.870342431978415,normal
1472,120.8971307098249,33.148896169077915,normal
1473,118.2520094733388,35.24188311538707,normal
1474,110.43221498675236,30.833209958482446,normal
1475,110.16563423841188,32.57235753180462,normal
1476,117.95072282828275,38.397545115976264,normal
1477,117.11613072885459,34.98773026586989,normal
1478,117.58631954570147,28.275847682342803,normal
1479,117.88807017387913,35.04429265830635,normal
1480,118.90223935804072,37.67065961793866,normal
1481,121.7905984393932,34.13252532983232,normal
1482,113.55558039632977,35.431355960162,normal
1483,113.31211362839682,30.30454298465754,normal
1484,113.62670456845046,28.008155255276172,normal
1485,119.15566666867483,34.46798324754787,normal
1486,122.97978951458578,29.86765255621414,normal
1487,116.27464224704195,32.50201331761693,normal
1488,107.99320062336139,34.71572696603976,normal
1489,111.18402854955849,26.037576582635012,normal
1490,114.66785310881595,28.92375335763429,normal
1491,115.76908445001914,29.980784535949308,normal
1492,116.36644549098109,33.05759627543314,normal
1493,118.15432449192367,32.66122806932528,normal
1494,116.75301467671021,37.555413338434036,normal
1495,122.19735844217362,37.77657597075327,normal
1496,115.29593077727452,34.42751334599851,normal
1497,114.55072816209783,33.16567041791675,normal
1498,119.91550215408185,35.44126137497787,normal
1499,111.85743172029552,29.373319139858594,normal
1500,119.55876682128,36.73127872389269,normal
1501,118.41021273490507,30.495356589752415,normal
1502,117.41023004032733,36.05191099322879,normal
1503,124.35310442859705,39.08788591452708,normal
1504,115.51117021882112,33.63578529735601,normal
1505,126.24119268209631,35.540273017998736,normal
1506,117.0982742030876,34.65757949723976,normal
1507,112.89193422011908,23.670283238303433,normal
1508,118.2796783239793,34.70096846230761,normal
1509,113.69501919872492,32.14422920611627,normal
1510,114.992976608746,32.70325183475645,normal
1511,119.58813320006196,36.28763559585404,normal
1512,120.2223283546005,34.12492990804882,normal
1513,115.51132919898296,29.582616344041657,normal
1514,121.94962058018561,34.418540724719755,normal
1515,122.63003103208453,35.2398181756952,normal
1516,123.74520702625317,35.70057517081537,normal
1517,120.1176536285029,34.80508770999889,normal
1518,123.4537148483428,38.39059709142503,normal
1519,110.47680628810377,28.306698137498636,normal
1520,116.72837380548614,33.87806531291916,normal
1521,114.53197897470629,36.59321166005652,normal
1522,118.47690344450957,28.64670935047686,normal
1523,115.71420312321305,33.60014093468674,normal
1524,117.33536863220107,31.768255531852606,normal
1525,125.5286995208162,34.75321156681389,normal
1526,117.32112081431849,30.80589772301916,normal
1527,119.65516926876086,33.67853907254463,normal
1528,117.07092268030306,38.97260189479587,normal
1529,118.30285315182734,30.007524102704743,normal
1530,118.02406672174429,30.212331913061885,normal
1531,119.79329626389264,30.320852364907385,normal
1532,122.66123014218871,40.228320614795365,normal
1533,124.58957599041332,34.210002594982804,normal
1534,119.23848032763667,33.9912200554246,normal
1535,120.35818754414241,33.179704760721975,normal
1536,113.39654196325773,29.56574335429293,normal
1537,117.64849303033752,32.9084032116817,normal
1538,121.76115785953435,42.16363306279092,normal
1539,121.46387455366862,38.8801769211138,normal
1540,118.8464389311802,31.39731195553181,normal
1541,121.54557583827182,36.670029691548436,normal
1542,119.96306683597527,31.780593635136665,normal
1543,122.80122503303728,29.75696137861485,normal
1544,119.15743662782845,37.103514646659164,normal
1545,116.57720673771585,36.788051893563754,normal
1546,119.34336502773209,37.236261046781436,normal
1547,106.27762249658889,28.95543925136668,normal
1548,119.5315429455402,33.65154221100553,normal
1549,103.40634869914086,31.79396771787176,normal
1550,111.10614637037833,32.91910136072384,normal
1551,119.80707440376393,33.04968027289856,normal
1552,119.91011734906718,29.402818067950413,normal
1553,113.35028487944028,32.72742126226612,normal
1554,115.15159183248424,36.13748372698956,normal
1555,123.48216395445652,31.687853405599395,normal
1556,116.06387947370929,35.07738656608773,normal
1557,126.97168124961195,37.27224829957592,normal
1558,117.99232058729461,35.96253638606689,normal
1559,119.63214470752507,36.796539272735615,normal
1560,124.46749759399444,33.478746443936636,normal
1561,118.52410846477368,29.013152789440497,normal
1562,113.99062407723679,30.96819115930473,normal
1563,117.56109019322284,36.25626486493041,normal
1564,117.85755705523964,32.047576019490556,normal
1565,112.54103339119374,30.072450997339573,normal
1566,116.97667171463671,27.957855178408,normal
1567,115.03123162401025,38.12400884194146,normal
1568,121.69743102874973,37.24783550391871,normal
1569,118.13844749674102,36.0635300857503,normal
1570,116.86881700340972,36.29426673274119,normal
1571,117.5752722775097,35.32306002106154,normal
1572,118.89248807362466,33.236295741211315,normal
1573,120.46725679875912,33.927923915850286,normal
1574,114.00115108532248,31.289064359172905,normal
1575,113.83364946951491,40.42812211167784,normal
1576,122.41871686161012,36.644512340072644,normal
1577,116.35065251118108,31.85164225056886,normal
1578,112.33263162961251,33.491527930959556,normal
1579,119.77525083753243,31.188893485726023,normal
1580,119.85347922413075,38.75737136266218,normal
1581,111.87713897097318,29.98168956142806,normal
1582,118.91792686185443,35.479806829825804,normal
1583,120.9423323697135,37.75288499486184,normal
1584,119.49754580682506,35.296461577422136,normal
1585,120.52792593504559,34.719960242614796,normal
1586,112.382923607637,32.14181299960719,normal
1587,119.32416061998478,33.92329402933433,normal
1588,116.78952096211822,31.638339093822694,normal
1589,116.06883936510143,31.814075243577008,normal
1590,121.4822224376789,39.147977531718205,normal
1591,123.91709804269692,35.079275257000795,normal
1592,125.17748021840144,33.407605539966376,normal
1593,123.25923148602362,33.66803049113651,normal
1594,117.56106327347926,36.88998726308574,normal
1595,119.41088065210538,36.14421437152354,normal
1596,121.06729148713697,36.27164224530733,normal
1597,118.48471179719785,33.08021120247001,normal
1598,118.52305675164618,35.583817910989175,normal
1599,121.29501252750472,32.725034490149405,normal
1600,117.76286941589628,32.86769202479019,normal
1601,115.08285225450535,35.79022839203391,normal
1602,116.34210773665657,35.8634352472305,normal
1603,120.53564151093497,31.493025179557584,normal
1604,118.01197316479983,31.15112725978851,normal
1605,119.36083990747335,34.429203574861184,normal
1606,120.68031696880875,39.65848768652532,normal
1607,116.50063414840956,27.53919997756718,normal
1608,121.02499265451922,35.41356814857415,normal
1609,119.51537041383358,30.019118694947295,normal
1610,113.06074765235408,30.400077777238817,normal
1611,123.76921916474498,34.269348792877274,normal
1612,115.99702102497234,31.88048097682428,normal
1613,111.37961862725926,30.22136036023931,normal
1614,113.81982516165479,32.5415712273162,normal
1615,113.91581935728671,30.941610259333036,normal
1616,118.20869327463014,29.386540209617586,normal
1617,116.90459797781506,35.74092254551549,normal
1618,116.65267212943763,35.58795139557168,normal
1619,120.47880786192991,36.95203946204798,normal
1620,119.35950144477081,29.480511209713704,normal
1621,119.26419148257715,34.97223773848878,normal
1622,119.63931382931477,36.210597661510704,normal
1623,120.46453867200896,31.324833415255227,normal
1624,109.56818663289023,31.33271592537217,normal
1625,116.54224699094216,32.94898491862381,normal
1626,109.27915974204211,36.74906904485968,normal
1627,118.14423970719118,39.5289851702352,normal
1628,117.98146811110261,28.71592170889586,normal
1629,122.18212909915871,42.39096075980075,normal
1630,122.75053757088449,32.32590499964988,normal
1631,118.81110019300947,36.88804850955641,normal
1632,115.9985556904124,36.053938425566166,normal
1633,119.94064445018296,31.281684876669708,normal
1634,115.88832945070274,34.590754653146654,normal
1635,117.9944293942266,33.39009287983798,normal
1636,121.94454526784307,36.504288661852335,normal
1637,115.76891461604231,33.76884965458254,normal
1638,121.22271455697,38.22407975810217,normal
1639,120.7096054747692,34.7146573365151,normal
1640,114.18083273147671,32.11947285785727,normal
1641,121.89557651286961,38.11550027427714,normal
1642,120.79426538148601,36.253835146428955,normal
1643,118.40770354949063,36.026212625674276,normal
1644,114.9507061678894,30.849298888335465,normal
1645,114.56317592569772,29.596547634575355,normal
1646,115.8493496923879,31.396647768067012,normal
1647,120.17037785316784,32.471929515291905,normal
1648,114.17749933039441,34.98074047178572,normal
1649,119.75004899447949,37.14225186359058,normal
1650,113.03297788448643,31.829745669827492,normal
1651,117.1837256622446,37.77382153140009,normal
1652,118.43859101829604,37.94500561509425,normal
1653,127.78052058023567,37.238916914983236,normal
1654,112.49073737791853,29.674535364776172,normal
1655,123.88805826596054,40.122718024295345,normal
1656,118.59936965594912,33.702482134328804,normal
1657,119.64468767206385,34.56269206702545,normal
1658,118.47339165355282,32.83072539562396,normal
1659,119.77890727278093,31.553173956188672,normal
1660,117.38525958255192,29.132727304068958,normal
1661,123.81620072582983,37.27466232090896,normal
1662,116.17411542310111,30.842401244910455,normal
1663,122.52893828871699,44.18686176948104,normal
1664,115.42253151914791,29.71964540049054,normal
1665,117.75899261439486,29.873279036311565,normal
1666,113.71214979083912,34.01960180136579,normal
1667,119.82009488139008,38.822253260156195,normal
1668,123.78050382770614,35.559627207317135,normal
1669,117.69057528071659,35.34260591219513,normal
1670,117.21245720518436,27.958631234819403,normal
1671,113.54153214772829,30.4079031194185,normal
1672,117.08282938579077,30.23138977995609,normal
1673,111.62882296111388,26.208811867617463,normal
1674,114.3484880531247,33.021937288678714,normal
1675,118.90714418443655,27.244986902150572,normal
1676,123.27605279096558,31.25514147058496,normal
1677,129.236843444918,35.31323103079346,normal
1678,115.6536596597164,30.550045252065743,normal
1679,123.74120062658176,36.543854257073136,normal
1680,118.97500992160658,34.909600553309325,normal
1681,117.39500941301449,36.22282749866765,normal
1682,119.73037780690461,36.46583057153935,normal
1683,118.24766593471983,37.2074857780041,normal
1684,118.44158290244887,33.834697057815376,normal
1685,116.36666734869333,34.15801994493382,normal
1686,112.40756136080459,33.650987208844604,normal
1687,111.82549918991167,32.37511271786212,normal
1688,120.61297953312491,33.26926836542733,normal
1689,116.89319963965714,32.400729436882735,normal
1690,115.61564440137533,30.58036606254591,normal
1691,118.03402250689261,34.98885692027024,normal
1692,121.17972901166252,34.340734195362394,normal
1693,118.7214557721056,31.930894682977023,normal
1694,115.37578025343613,30.97777418586512,normal
1695,122.9051718225958,31.484567194536147,normal
1696,124.31674201192652,38.45559316997632,normal
1697,119.97822662129141,34.51534632896434,normal
1698,121.89465404537636,32.23864395424486,normal
1699,122.96783998725525,37.559311816593265,normal
1700,122.52039726561806,33.32448136079347,normal
1701,120.4563967084505,30.19661146423487,normal
1702,120.39338818829953,37.461777778600116,normal
1703,120.07864229338601,32.696892543697665,normal
1704,113.61064930181183,31.23348824417701,normal
1705,120.80289262743834,34.63865224031563,normal
1706,112.57674411549378,35.59255170136856,normal
1707,114.82160217949978,32.86628392388459,normal
1708,123.21426027123235,31.606722984773555,normal
1709,121.36088065077679,36.30616834112991,normal
1710,123.94959315874345,33.95920030114153,normal
1711,116.91330246525084,39.067572618945775,normal
1712,113.39100463489294,32.39407072969002,normal
1713,117.03825121171863,26.73439385250932,normal
1714,118.4081251889623,34.90298782759911,normal
1715,118.31595486536004,39.63835190974069,normal
1716,122.53472191502681,39.737681412786685,normal
1717,116.55491829998621,38.794268094837186,normal
1718,119.4081378872117,31.05733026877324,normal
1719,114.04549140226158,35.320883302862214,normal
1720,119.80126911217525,32.06295041283993,normal
1721,118.01243420074255,34.39070654132007,normal
1722,115.00074664686193,29.038498898598498,normal
1723,117.05668255130058,31.511399148580587,normal
1724,117.26329701393911,31.4750590547489,normal
1725,116.91937948265162,36.10120283547117,normal
1726,125.08536496907074,38.14083307045775,normal
1727,117.60621599076848,34.432235185354884,normal
1728,117.02441555929065,29.384283048488314,normal
1729,109.61019616955943,30.38228060373925,normal
1730,114.42317059208209,30.453985006052417,normal
1731,116.9477063021746,36.02265764213336,normal
1732,115.25658929529342,36.465008642821104,normal
1733,123.52683037351119,38.46253686481013,normal
1734,117.34024889841513,31.26012714129612,normal
1735,123.15377699727301,26.96819406092385,normal
1736,118.24681853620147,28.4839196016674,normal
1737,118.1489113456863,38.02171274729986,normal
1738,117.64481420915,32.40903924179767,normal
1739,118.01518500648584,31.466450432772042,normal
1740,124.87518001219944,40.60660374093711,normal
1741,108.72155709299513,34.85878186303501,normal
1742,109.99381702224528,31.500151029258014,normal
1743,115.82731667577555,32.213309777029664,normal
1744,118.05811152775027,33.33458536948927,normal
1745,120.76041769905605,35.18446488060698,normal
1746,119.8923487921099,39.05509864170451,normal
1747,116.46301634847772,34.54254980084817,normal
1748,122.07617477296705,37.05699417710801,normal
1749,122.12078161261093,38.39946221652792,normal
1750,118.73623132508627,30.415609518379963,normal
1751,121.85063028994736,37.07905147454994,normal
1752,119.09058105372851,33.14217403708046,normal
1753,115.75406789286846,25.52430523921555,normal
1754,120.79126735600002,28.127282047185425,normal
1755,118.44245249031471,30.78634787696243,normal
1756,118.00535938701795,35.30948665349716,normal
1757,123.8918142887583,35.7390599213804,normal
1758,108.19651148583965,31.466389117481178,normal
1759,112.32926331936171,37.946905682163425,normal
1760,113.25171829450252,28.550364953849854,normal
1761,116.54695740972478,33.216830625941625,normal
1762,116.98156732093588,34.336611517280275,normal
1763,111.97069740890781,29.78280848150151,normal
1764,114.05936787075669,32.67337105546502,normal
1765,114.55663328590572,27.930618650862883,normal
1766,127.82969636830357,40.75248904276896,normal
1767,125.20696779098859,33.72857571126258,normal
1768,116.3530023292614,39.33791544555305,normal
1769,116.5456668387728,33.20133898218272,normal
1770,113.40318401124682,35.48507041369664,normal
1771,110.36747834709894,31.373656635054804,normal
1772,117.53247925436591,33.488476861608675,normal
1773,114.0085920670239,30.82179544805509,normal
1774,117.66059787335196,33.97468546619939,normal
1775,111.5991766038261,32.83947511290674,normal
1776,114.95210216675896,30.490682235185595,normal
1777,118.59450838121133,33.50901200419501,normal
1778,119.46483839113574,32.30251437072458,normal
1779,119.66988783496805,41.0903887331211,normal
1780,112.71804406337185,31.935963136942817,normal
1781,121.41874292054224,39.32676586095889,normal
1782,114.7991532135926,32.2128910686034,normal
1783,120.53143165842923,35.21541482701308,normal
1784,117.95744529352723,29.738035011786256,normal
1785,112.49445000368821,30.800053654021614,normal
1786,116.73520918167524,33.98452092141781,normal
1787,119.46145496825507,38.889855769523905,normal
1788,120.4518615218984,35.08076591071407,normal
1789,117.43604841022233,37.70431777221395,normal
1790,124.12711556240421,37.38707749129568,normal
1791,122.03004308394624,39.74793061380727,normal
1792,116.973383534401,33.243840072199404,normal
1793,121.00048724854778,41.742235917254774,normal
1794,125.73517394075274,34.46814680290127,normal
1795,125.8419384031321,33.655454041159025,normal
1796,113.08800047671001,28.680698729992898,normal
1797,114.29386755537139,39.64846474478033,normal
1798,123.9396751469354,37.869678474120946,normal
1799,113.76687579664946,31.502459456044637,normal
